Wall time,Metrics/EnvironmentSteps,Metrics/AverageReturn
1763159530.9409423,100,-100.0
1763159531.6615934,200,-93.0
1763159532.4394977,300,-99.0
1763159533.1796205,400,-100.0
1763159533.9078686,500,-100.0
1763159534.6451042,600,-100.0
1763159535.3924534,700,-99.0
1763159536.1311858,800,-100.0
1763159536.877435,900,-100.0
1763159537.6759825,1000,-100.0
1763159538.4540155,1100,-93.0
1763159539.2370038,1200,-100.0
1763159540.0349798,1300,-100.0
1763159540.800881,1400,-100.0
1763159541.5951717,1500,-100.0
1763159542.3772008,1600,-100.0
1763159543.1536016,1700,-100.0
1763159543.9317422,1800,-100.0
1763159544.7267392,1900,-100.0
1763159545.511308,2000,-100.0
1763159546.305699,2100,-99.0
1763159547.1007586,2200,-100.0
1763159547.9366102,2300,-100.0
1763159548.8006172,2400,-97.0
1763159549.678781,2500,-100.0
1763159550.5966513,2600,-100.0
1763159551.4840634,2700,-100.0
1763159552.3822615,2800,-100.0
1763159553.249118,2900,-100.0
1763159554.137407,3000,-100.0
1763159555.0177388,3100,-100.0
1763159555.90434,3200,-100.0
1763159556.804873,3300,-98.0
1763159557.7180283,3400,-97.0
1763159558.6440256,3500,-79.0
1763159559.5454562,3600,-97.0
1763159560.4612422,3700,-100.0
1763159561.376745,3800,-99.0
1763159562.3132758,3900,-100.0
1763159563.2001445,4000,-100.0
1763159564.1255438,4100,-100.0
1763159565.0471919,4200,-100.0
1763159565.9703016,4300,-100.0
1763159566.9039714,4400,-100.0
1763159567.845133,4500,-100.0
1763159568.8053927,4600,-100.0
1763159569.764555,4700,-100.0
1763159570.7008648,4800,-100.0
1763159571.6045506,4900,-100.0
1763159572.5554714,5000,-100.0
1763159573.4626808,5100,-93.0
1763159574.4006739,5200,-100.0
1763159575.328204,5300,-100.0
1763159576.2453353,5400,-88.0
1763159577.1687477,5500,-100.0
1763159578.0998764,5600,-100.0
1763159579.0372207,5700,-100.0
1763159579.9751537,5800,-95.0
1763159580.932341,5900,-100.0
1763159581.9160328,6000,-100.0
1763159582.887071,6100,-95.0
1763159583.9423933,6200,-100.0
1763159584.9518619,6300,-100.0
1763159585.9711342,6400,-99.0
1763159586.965518,6500,-100.0
1763159587.9369195,6600,-100.0
1763159588.9462218,6700,-100.0
1763159589.9436238,6800,-100.0
1763159590.946854,6900,-100.0
1763159591.9443026,7000,-100.0
1763159592.971096,7100,-100.0
1763159593.9842741,7200,-99.0
1763159594.9987674,7300,-96.0
1763159595.9970047,7400,-100.0
1763159597.0465121,7500,-100.0
1763159598.104106,7600,-100.0
1763159599.177276,7700,-94.0
1763159600.2472105,7800,-99.0
1763159601.2975495,7900,-100.0
1763159602.3070548,8000,-99.0
1763159603.3226876,8100,-100.0
1763159604.3725333,8200,-100.0
1763159605.4004703,8300,-100.0
1763159606.4481988,8400,-96.0
1763159607.541548,8500,-100.0
1763159608.6474748,8600,-100.0
1763159609.718647,8700,-97.0
1763159610.7759879,8800,-100.0
1763159611.8698845,8900,-100.0
1763159612.9268482,9000,-100.0
1763159614.006375,9100,-100.0
1763159615.074167,9200,-100.0
1763159616.1535456,9300,-99.0
1763159617.2400787,9400,-100.0
1763159618.365584,9500,-100.0
1763159619.4464118,9600,-94.0
1763159620.522853,9700,-97.0
1763159621.6263952,9800,-100.0
1763159622.7035282,9900,-100.0
1763159623.7938132,10000,-100.0
1763159625.020766,10100,-100.0
1763159626.15274,10200,-100.0
1763159627.3181455,10300,-96.0
1763159628.5202634,10400,-100.0
1763159629.67153,10500,-96.0
1763159630.8418548,10600,-100.0
1763159631.9801664,10700,-100.0
1763159633.0964532,10800,-100.0
1763159634.263696,10900,-93.0
1763159635.377501,11000,-100.0
1763159636.4940214,11100,-95.0
1763159637.6193416,11200,-100.0
1763159638.767208,11300,-39.0
1763159639.922632,11400,-87.0
1763159641.0358913,11500,-97.0
1763159642.1472948,11600,-100.0
1763159643.3018186,11700,-100.0
1763159644.5213,11800,-89.0
1763159645.7162921,11900,-100.0
1763159646.9085972,12000,-100.0
1763159648.0795634,12100,-94.0
1763159649.3219528,12200,-78.0
1763159650.4743264,12300,-34.0
1763159651.6432555,12400,-100.0
1763159652.8334548,12500,-100.0
1763159654.0268881,12600,-66.0
1763159655.2529073,12700,-55.0
1763159656.4276636,12800,-100.0
1763159657.6186106,12900,-100.0
1763159658.789324,13000,-100.0
1763159659.9745197,13100,-100.0
1763159661.151746,13200,-100.0
1763159662.3391335,13300,-88.0
1763159663.5456622,13400,-90.0
1763159664.7282994,13500,-40.0
1763159665.957515,13600,-100.0
1763159667.1592228,13700,-96.0
1763159668.3271341,13800,-93.0
1763159669.5071106,13900,-96.0
1763159670.6858537,14000,-100.0
1763159671.8608449,14100,-100.0
1763159673.0890064,14200,-98.0
1763159674.3013084,14300,-95.0
1763159675.49852,14400,-86.0
1763159676.688827,14500,-21.0
1763159677.9271655,14600,-28.0
1763159679.1699286,14700,-100.0
1763159680.486394,14800,-100.0
1763159681.750627,14900,-67.0
1763159683.0262213,15000,-49.0
1763159684.3010826,15100,-100.0
1763159685.5159566,15200,-89.0
1763159686.711228,15300,-100.0
1763159687.946483,15400,-100.0
1763159689.1908128,15500,-100.0
1763159690.441095,15600,-95.0
1763159691.6501386,15700,-89.0
1763159692.9017763,15800,-18.0
1763159694.1080434,15900,-90.0
1763159695.3320422,16000,-7.0
1763159696.6203954,16100,-97.0
1763159697.879994,16200,-98.0
1763159699.139461,16300,-31.0
1763159700.3831117,16400,-82.0
1763159701.6324394,16500,-82.0
1763159702.908106,16600,-94.0
1763159704.211357,16700,-46.0
1763159705.4630787,16800,-10.0
1763159706.689667,16900,-68.0
1763159707.9358127,17000,-83.0
1763159709.2505007,17100,-6.0
1763159710.4887936,17200,-100.0
1763159711.729755,17300,-100.0
1763159712.9743102,17400,-89.0
1763159714.3484027,17500,-93.0
1763159715.6560807,17600,-45.0
1763159716.9598932,17700,-77.0
1763159718.2662194,17800,-97.0
1763159719.644605,17900,-56.0
1763159720.9951158,18000,-78.0
1763159722.3226473,18100,-46.0
1763159723.6336703,18200,-96.0
1763159724.948068,18300,-94.0
1763159726.2639267,18400,-84.0
1763159727.5188715,18500,-45.0
1763159728.7702518,18600,-51.0
1763159730.0910473,18700,-61.0
1763159731.4139354,18800,-58.0
1763159732.7378595,18900,-95.0
1763159734.0566225,19000,-40.0
1763159735.3662598,19100,-85.0
1763159736.6373136,19200,-80.0
1763159737.9069269,19300,-46.0
1763159739.1761718,19400,-77.0
1763159740.4817712,19500,-42.0
1763159741.7702515,19600,-93.0
1763159743.0405037,19700,-25.0
1763159744.3219013,19800,-21.0
1763159745.636899,19900,-22.0
1763159746.9289477,20000,-4.0
1763159748.38077,20100,-6.0
1763159749.695096,20200,-12.0
1763159751.054711,20300,-22.0
1763159752.3880663,20400,-40.0
1763159753.6861026,20500,-43.0
1763159754.9709694,20600,-16.0
1763159756.2992315,20700,-67.0
1763159757.584077,20800,-11.0
1763159758.877485,20900,-22.0
1763159760.1827154,21000,-12.0
1763159761.4739408,21100,-11.0
1763159762.7868989,21200,-5.0
1763159764.092368,21300,-15.0
1763159765.3867152,21400,-9.0
1763159766.6987166,21500,-3.0
1763159768.04319,21600,-8.0
1763159769.4174106,21700,-6.0
1763159770.7456527,21800,-3.0
1763159772.0561616,21900,-5.0
1763159773.3610182,22000,-3.0
1763159774.6859727,22100,-2.0
1763159775.9980772,22200,-2.0
1763159777.3434286,22300,-5.0
1763159778.7015874,22400,-6.0
1763159780.086178,22500,-4.0
1763159781.4279203,22600,-6.0
1763159782.7590008,22700,-2.0
1763159784.0825982,22800,-3.0
1763159785.4033506,22900,-5.0
1763159786.7279835,23000,-4.0
1763159788.0632908,23100,-4.0
1763159789.3811417,23200,-4.0
1763159790.7088242,23300,-4.0
1763159792.042204,23400,-4.0
1763159793.3926868,23500,-4.0
1763159794.7440233,23600,-2.0
1763159796.1244628,23700,-7.0
1763159797.501481,23800,-8.0
1763159798.8793333,23900,-3.0
1763159800.215764,24000,-3.0
1763159801.5439403,24100,-4.0
1763159802.8796985,24200,-4.0
1763159804.2253752,24300,-4.0
1763159805.5692408,24400,-4.0
1763159806.9165475,24500,-2.0
1763159808.2775984,24600,-1.0
1763159809.644384,24700,0.0
1763159810.9878173,24800,-3.0
1763159812.3705173,24900,-6.0
1763159813.7140057,25000,0.0
1763159815.0638611,25100,-6.0
1763159816.4605134,25200,-3.0
1763159817.8072174,25300,-3.0
1763159819.1783185,25400,-4.0
1763159820.5374694,25500,0.0
1763159821.8878746,25600,-3.0
1763159823.2771857,25700,-3.0
1763159824.6964982,25800,0.0
1763159826.0620952,25900,-3.0
1763159827.4216516,26000,-1.0
1763159828.8022804,26100,-3.0
1763159830.2186046,26200,-4.0
1763159831.6250863,26300,-2.0
1763159832.9910352,26400,-2.0
1763159834.3583632,26500,-3.0
1763159835.7248166,26600,-3.0
1763159837.087626,26700,-2.0
1763159838.4533222,26800,-4.0
1763159839.8152246,26900,-2.0
1763159841.2277792,27000,-4.0
1763159842.6631005,27100,-2.0
1763159844.0661275,27200,-2.0
1763159845.4530451,27300,-3.0
1763159846.8172886,27400,-2.0
1763159848.2109604,27500,-3.0
1763159849.58529,27600,-2.0
1763159850.9763994,27700,-3.0
1763159852.3741357,27800,-4.0
1763159853.759854,27900,-2.0
1763159855.1658356,28000,-2.0
1763159856.5828562,28100,-3.0
1763159858.022255,28200,-3.0
1763159859.4078686,28300,-4.0
1763159860.8258877,28400,-2.0
1763159862.236592,28500,-3.0
1763159863.629579,28600,-3.0
1763159865.0350838,28700,-2.0
1763159866.5091856,28800,-2.0
1763159867.9271986,28900,-1.0
1763159869.3824468,29000,-4.0
1763159870.8025348,29100,-2.0
1763159872.211215,29200,-2.0
1763159873.6368828,29300,-2.0
1763159875.0977309,29400,-3.0
1763159876.6167865,29500,0.0
1763159878.09576,29600,-3.0
1763159879.5375104,29700,-4.0
1763159880.939672,29800,-5.0
1763159882.3499486,29900,-4.0
1763159883.7631454,30000,-2.0
1763159885.3666506,30100,-5.0
1763159886.7706406,30200,-3.0
1763159888.2328024,30300,-1.0
1763159889.771424,30400,-1.0
1763159891.2416031,30500,-4.0
1763159892.6941397,30600,-4.0
1763159894.1023571,30700,-2.0
1763159895.549295,30800,-3.0
1763159897.0180721,30900,-4.0
1763159898.4578402,31000,-4.0
1763159899.9206529,31100,-2.0
1763159901.3705976,31200,-5.0
1763159902.803978,31300,-2.0
1763159904.2797887,31400,-3.0
1763159905.8045087,31500,-7.0
1763159907.2825067,31600,0.0
1763159908.768473,31700,-1.0
1763159910.3233643,31800,-9.0
1763159911.7799463,31900,-1.0
1763159913.2228203,32000,0.0
1763159914.6818264,32100,-2.0
1763159916.1213276,32200,-2.0
1763159917.6171842,32300,-3.0
1763159919.1598024,32400,-3.0
1763159920.7221448,32500,-3.0
1763159922.1781151,32600,-7.0
1763159923.628007,32700,-4.0
1763159925.088954,32800,-2.0
1763159926.5512197,32900,-1.0
1763159928.015265,33000,-3.0
1763159929.5076425,33100,-4.0
1763159930.964104,33200,-3.0
1763159932.4304633,33300,-3.0
1763159933.9034348,33400,-4.0
1763159935.3790379,33500,-3.0
1763159936.8130689,33600,-7.0
1763159938.2502124,33700,-2.0
1763159939.7385695,33800,-4.0
1763159941.2540438,33900,-3.0
1763159942.7883625,34000,-1.0
1763159944.3097582,34100,-3.0
1763159945.8046489,34200,-4.0
1763159947.2447212,34300,-2.0
1763159948.7219384,34400,-4.0
1763159950.245321,34500,-3.0
1763159951.788044,34600,-2.0
1763159953.301803,34700,-2.0
1763159954.8135927,34800,-3.0
1763159956.288343,34900,-2.0
1763159957.7358146,35000,-3.0
1763159959.1907618,35100,-3.0
1763159960.6405,35200,0.0
1763159962.1000555,35300,-1.0
1763159963.5621717,35400,-5.0
1763159965.094244,35500,0.0
1763159966.605108,35600,-4.0
1763159968.0493724,35700,-1.0
1763159969.5452325,35800,-1.0
1763159971.01856,35900,0.0
1763159972.5214932,36000,-3.0
1763159974.0106554,36100,-3.0
1763159975.4901607,36200,-4.0
1763159976.9508517,36300,-1.0
1763159978.41963,36400,-2.0
1763159979.8952389,36500,-3.0
1763159981.3600936,36600,-3.0
1763159982.829634,36700,-2.0
1763159984.3522604,36800,-3.0
1763159985.8330066,36900,-1.0
1763159987.304638,37000,-6.0
1763159988.8106606,37100,-4.0
1763159990.286921,37200,-6.0
1763159991.7595983,37300,-3.0
1763159993.2553797,37400,-4.0
1763159994.7524145,37500,-4.0
1763159996.2622504,37600,-4.0
1763159997.7765238,37700,-4.0
1763159999.2692678,37800,-4.0
1763160000.760053,37900,-2.0
1763160002.2585442,38000,-5.0
1763160003.7301402,38100,-1.0
1763160005.2115564,38200,-5.0
1763160006.6884692,38300,-3.0
1763160008.170998,38400,-4.0
1763160009.6387677,38500,-4.0
1763160011.1299956,38600,-6.0
1763160012.6617725,38700,-3.0
1763160014.2109923,38800,-6.0
1763160015.7323596,38900,-2.0
1763160017.2438428,39000,-4.0
1763160018.7599764,39100,-1.0
1763160020.258812,39200,-2.0
1763160021.7440739,39300,-4.0
1763160023.2711809,39400,-5.0
1763160024.7739663,39500,-6.0
1763160026.2788055,39600,-3.0
1763160027.8285048,39700,-1.0
1763160029.3360355,39800,-5.0
1763160030.8479264,39900,-4.0
1763160032.3330212,40000,-4.0
1763160033.9556136,40100,-5.0
1763160035.4622858,40200,-5.0
1763160036.9657495,40300,-2.0
1763160038.46573,40400,-3.0
1763160039.9590106,40500,-2.0
1763160041.4512432,40600,-3.0
1763160042.9531918,40700,-3.0
1763160044.4528685,40800,-3.0
1763160045.9628377,40900,-1.0
1763160047.491683,41000,-4.0
1763160049.0120907,41100,-4.0
1763160050.521014,41200,-1.0
1763160052.0204148,41300,-1.0
1763160053.5217664,41400,-2.0
1763160055.0496237,41500,-4.0
1763160056.5918827,41600,-1.0
1763160058.146664,41700,-4.0
1763160059.6598723,41800,-2.0
1763160061.143478,41900,-4.0
1763160062.653257,42000,-6.0
1763160064.246281,42100,-3.0
1763160065.7722504,42200,-4.0
1763160067.2850883,42300,-5.0
1763160068.845705,42400,-3.0
1763160070.4182742,42500,-5.0
1763160071.9318466,42600,-3.0
1763160073.4669998,42700,-3.0
1763160074.9814568,42800,-4.0
1763160076.5029998,42900,-4.0
1763160078.0051644,43000,-2.0
1763160079.5091534,43100,-6.0
1763160081.0272996,43200,-3.0
1763160082.5422652,43300,-1.0
1763160084.046719,43400,-2.0
1763160085.6040356,43500,-5.0
1763160087.1072762,43600,-4.0
1763160088.615284,43700,-4.0
1763160090.1936324,43800,-4.0
1763160091.6962655,43900,-1.0
1763160093.1974359,44000,-2.0
1763160094.7380073,44100,-7.0
1763160096.2575307,44200,-3.0
1763160097.763456,44300,-6.0
1763160099.2763555,44400,-2.0
1763160100.8401353,44500,-4.0
1763160102.3506718,44600,-3.0
1763160103.8908226,44700,-4.0
1763160105.548723,44800,-1.0
1763160107.1793296,44900,-1.0
1763160108.7677612,45000,-6.0
1763160110.356412,45100,-5.0
1763160111.8697047,45200,-4.0
1763160113.4297533,45300,-4.0
1763160114.9615226,45400,-3.0
1763160116.6210577,45500,-3.0
1763160118.2253125,45600,-3.0
1763160119.7451975,45700,-5.0
1763160121.2717474,45800,-2.0
1763160122.8789682,45900,-4.0
1763160124.56563,46000,-6.0
1763160126.2050564,46100,-3.0
1763160127.7728782,46200,-5.0
1763160129.3123057,46300,-2.0
1763160130.8474064,46400,-6.0
1763160132.4119787,46500,-4.0
1763160133.9389875,46600,-4.0
1763160135.4990728,46700,-3.0
1763160137.1246736,46800,-3.0
1763160138.7622743,46900,-6.0
1763160140.4078863,47000,-3.0
1763160142.0150592,47100,-5.0
1763160143.5771167,47200,-4.0
1763160145.165361,47300,-4.0
1763160146.7825193,47400,-5.0
1763160148.332451,47500,-6.0
1763160149.8971727,47600,-5.0
1763160151.4624226,47700,-3.0
1763160153.048993,47800,-3.0
1763160154.642132,47900,-4.0
1763160156.3204494,48000,-4.0
1763160157.9151955,48100,-4.0
1763160159.4556024,48200,-7.0
1763160161.0292587,48300,-1.0
1763160162.567936,48400,-4.0
1763160164.1152325,48500,-2.0
1763160165.727059,48600,-7.0
1763160167.2731905,48700,-6.0
1763160168.848511,48800,-5.0
1763160170.4020112,48900,-4.0
1763160171.9721982,49000,-4.0
1763160173.5641544,49100,-5.0
1763160175.1411533,49200,-4.0
1763160176.7443488,49300,-5.0
1763160178.3362832,49400,-3.0
1763160179.8961873,49500,-4.0
1763160181.4789894,49600,-4.0
1763160183.0798697,49700,-1.0
1763160184.7116,49800,-2.0
1763160186.3430452,49900,-6.0
1763160187.9947572,50000,-4.0
1763160189.7498202,50100,-5.0
1763160191.3728247,50200,-2.0
1763160193.0252275,50300,-4.0
1763160194.617801,50400,-4.0
1763160196.1774786,50500,-2.0
1763160197.7540224,50600,-6.0
1763160199.3385184,50700,-4.0
1763160200.9010296,50800,-4.0
1763160202.4558494,50900,-2.0
1763160204.0153077,51000,0.0
1763160205.6007504,51100,-3.0
1763160207.1623998,51200,-3.0
1763160208.7047048,51300,-6.0
1763160210.2693062,51400,-4.0
1763160211.868661,51500,-4.0
1763160213.4774368,51600,-5.0
1763160215.1056376,51700,-1.0
1763160216.6670218,51800,-2.0
1763160218.2380812,51900,-3.0
1763160219.8684895,52000,-5.0
1763160221.4596553,52100,-5.0
1763160223.0418682,52200,-1.0
1763160224.6090286,52300,-2.0
1763160226.200759,52400,-4.0
1763160227.8172784,52500,-2.0
1763160229.3802698,52600,-3.0
1763160230.9357977,52700,-4.0
1763160232.5050359,52800,-7.0
1763160234.067165,52900,-6.0
1763160235.6902292,53000,-1.0
1763160237.3260405,53100,-3.0
1763160238.9703243,53200,-2.0
1763160240.6283674,53300,-6.0
1763160242.2916412,53400,-5.0
1763160243.9651484,53500,-4.0
1763160245.615187,53600,-4.0
1763160247.2154827,53700,-3.0
1763160248.7642624,53800,-6.0
1763160250.3687177,53900,-4.0
1763160252.0066073,54000,-3.0
1763160253.5722256,54100,-2.0
1763160255.1436698,54200,-3.0
1763160256.7312872,54300,-5.0
1763160258.3059273,54400,-6.0
1763160259.9369566,54500,-2.0
1763160261.5664954,54600,0.0
1763160263.1981142,54700,-1.0
1763160264.7949688,54800,-1.0
1763160266.3849776,54900,-3.0
1763160267.9822693,55000,-4.0
1763160269.6278856,55100,-4.0
1763160271.263894,55200,-3.0
1763160272.9144056,55300,-4.0
1763160274.5305927,55400,-4.0
1763160276.0941536,55500,0.0
1763160277.6931918,55600,-2.0
1763160279.3072793,55700,-3.0
1763160280.8689654,55800,-3.0
1763160282.4236197,55900,-4.0
1763160283.9707522,56000,-3.0
1763160285.5349884,56100,-5.0
1763160287.093237,56200,-4.0
1763160288.6561701,56300,-1.0
1763160290.2710114,56400,-4.0
1763160291.824613,56500,-1.0
1763160293.3928924,56600,-4.0
1763160294.9708526,56700,-7.0
1763160296.5341992,56800,-3.0
1763160298.1097841,56900,-6.0
1763160299.65684,57000,-8.0
1763160301.2214303,57100,-4.0
1763160302.8024788,57200,-3.0
1763160304.4835002,57300,-3.0
1763160306.1030674,57400,-3.0
1763160307.7309525,57500,-5.0
1763160309.2952852,57600,-4.0
1763160310.9164364,57700,-5.0
1763160312.511279,57800,-2.0
1763160314.1783125,57900,-4.0
1763160315.83591,58000,-6.0
1763160317.497189,58100,-3.0
1763160319.1075985,58200,-3.0
1763160320.7236748,58300,-2.0
1763160322.2952,58400,-2.0
1763160323.8582985,58500,-7.0
1763160325.429275,58600,-3.0
1763160326.9945138,58700,-2.0
1763160328.6363695,58800,-2.0
1763160330.2722092,58900,-5.0
1763160331.8724546,59000,-4.0
1763160333.4587998,59100,-1.0
1763160335.1129682,59200,-1.0
1763160336.7603319,59300,-4.0
1763160338.4366107,59400,-5.0
1763160340.124193,59500,-6.0
1763160341.7825804,59600,-4.0
1763160343.4292078,59700,-3.0
1763160345.075426,59800,-4.0
1763160346.730688,59900,-2.0
1763160348.3894856,60000,-3.0
1763160350.172682,60100,-4.0
1763160351.8847103,60200,-3.0
1763160353.5405169,60300,-1.0
1763160355.2171314,60400,-2.0
1763160356.9746087,60500,-5.0
1763160358.6299143,60600,-3.0
1763160360.2535532,60700,-5.0
1763160361.8789127,60800,0.0
1763160363.4681554,60900,-3.0
1763160365.1085885,61000,-4.0
1763160366.7386284,61100,-3.0
1763160368.38044,61200,-4.0
1763160370.033606,61300,-6.0
1763160371.6569571,61400,-3.0
1763160373.2678084,61500,-4.0
1763160374.8859107,61600,-4.0
1763160376.4907792,61700,-4.0
1763160378.1105082,61800,-4.0
1763160379.715901,61900,-4.0
1763160381.3223748,62000,-3.0
1763160383.011313,62100,-3.0
1763160384.6565213,62200,-2.0
1763160386.3093367,62300,-6.0
1763160387.9260848,62400,-6.0
1763160389.5253417,62500,-2.0
1763160391.1762164,62600,-5.0
1763160392.8323648,62700,-2.0
1763160394.5285904,62800,-4.0
1763160396.1572356,62900,-4.0
1763160397.7779002,63000,-5.0
1763160399.4087136,63100,-3.0
1763160401.0464873,63200,-4.0
1763160402.7297232,63300,-4.0
1763160404.4157088,63400,-1.0
1763160406.1084933,63500,-2.0
1763160407.8015862,63600,-3.0
1763160409.4554012,63700,-3.0
1763160411.0902421,63800,-8.0
1763160412.7051215,63900,-6.0
1763160414.3203247,64000,-1.0
1763160415.98403,64100,-4.0
1763160417.6018,64200,-5.0
1763160419.2514937,64300,-3.0
1763160420.8520935,64400,-3.0
1763160422.5093832,64500,-3.0
1763160424.1419947,64600,-8.0
1763160425.759375,64700,-2.0
1763160427.388809,64800,-3.0
1763160428.9872768,64900,-4.0
1763160430.588432,65000,-3.0
1763160432.2194273,65100,-4.0
1763160433.8482974,65200,-6.0
1763160435.4735646,65300,-3.0
1763160437.093874,65400,-3.0
1763160438.7477753,65500,-2.0
1763160440.3528225,65600,-2.0
1763160442.0084865,65700,-6.0
1763160443.6694417,65800,-2.0
1763160445.2933517,65900,0.0
1763160446.9404154,66000,-3.0
1763160448.5360146,66100,-5.0
1763160450.1924427,66200,-3.0
1763160451.7845914,66300,-5.0
1763160453.4005904,66400,0.0
1763160455.098402,66500,-1.0
1763160456.754552,66600,-3.0
1763160458.354808,66700,0.0
1763160459.9531643,66800,-4.0
1763160461.565404,66900,-2.0
1763160463.1599455,67000,-4.0
1763160464.7633402,67100,-4.0
1763160466.405426,67200,-3.0
1763160468.0717218,67300,-2.0
1763160469.712779,67400,0.0
1763160471.327056,67500,-1.0
1763160472.9825747,67600,-3.0
1763160474.6119223,67700,-5.0
1763160476.2338443,67800,-4.0
1763160477.875804,67900,0.0
1763160479.5600574,68000,-3.0
1763160481.2632387,68100,-3.0
1763160482.8956437,68200,-2.0
1763160484.5165706,68300,-3.0
1763160486.119122,68400,-5.0
1763160487.7229688,68500,-6.0
1763160489.3330755,68600,-4.0
1763160490.9523005,68700,-3.0
1763160492.5650666,68800,-4.0
1763160494.2091005,68900,-3.0
1763160495.8342922,69000,-6.0
1763160497.479863,69100,-5.0
1763160499.1260881,69200,-4.0
1763160500.7990754,69300,-3.0
1763160502.4079897,69400,-1.0
1763160504.0136712,69500,-3.0
1763160505.6212935,69600,-3.0
1763160507.2274637,69700,-3.0
1763160508.8423226,69800,-5.0
1763160510.5436943,69900,-4.0
1763160512.2306397,70000,-1.0
1763160514.0568032,70100,-5.0
1763160515.7398183,70200,-2.0
1763160517.4190328,70300,-3.0
1763160519.0292308,70400,-2.0
1763160520.6955028,70500,-5.0
1763160522.3252792,70600,-2.0
1763160523.9682796,70700,-1.0
1763160525.608303,70800,-4.0
1763160527.3284564,70900,-3.0
1763160529.0138834,71000,-2.0
1763160530.7025275,71100,-5.0
1763160532.3980222,71200,-3.0
1763160534.0933993,71300,-2.0
1763160535.783799,71400,-5.0
1763160537.4773788,71500,-3.0
1763160539.1634924,71600,-5.0
1763160540.8670785,71700,-2.0
1763160542.5294127,71800,-3.0
1763160544.2197888,71900,-4.0
1763160545.876234,72000,-8.0
1763160547.5432122,72100,-4.0
1763160549.2170737,72200,-6.0
1763160550.8482687,72300,-4.0
1763160552.4879537,72400,-4.0
1763160554.1587026,72500,-2.0
1763160555.882961,72600,-1.0
1763160557.572105,72700,-3.0
1763160559.2532396,72800,-4.0
1763160560.9815717,72900,-5.0
1763160562.6769776,73000,-3.0
1763160564.3790352,73100,-3.0
1763160566.0693815,73200,-1.0
1763160567.715028,73300,-2.0
1763160569.365783,73400,-6.0
1763160571.0634713,73500,-4.0
1763160572.7569933,73600,-5.0
1763160574.3781204,73700,-1.0
1763160576.0359528,73800,-3.0
1763160577.6576087,73900,-3.0
1763160579.341815,74000,-4.0
1763160581.0927157,74100,-3.0
1763160582.786342,74200,-2.0
1763160584.408069,74300,-1.0
1763160586.0874693,74400,-4.0
1763160587.741045,74500,-6.0
1763160589.4326036,74600,-7.0
1763160591.187895,74700,-3.0
1763160592.884319,74800,-4.0
1763160594.5555792,74900,-3.0
1763160596.1799161,75000,-4.0
1763160597.8094835,75100,-2.0
1763160599.4429946,75200,-4.0
1763160601.0795362,75300,-2.0
1763160602.784168,75400,-4.0
1763160604.511817,75500,-6.0
1763160606.2373447,75600,-5.0
1763160607.9465954,75700,0.0
1763160609.5681608,75800,-5.0
1763160611.220611,75900,-2.0
1763160612.8797715,76000,-5.0
1763160614.5220363,76100,-1.0
1763160616.2623963,76200,-3.0
1763160617.90934,76300,-5.0
1763160619.5410795,76400,-3.0
1763160621.218159,76500,-4.0
1763160622.9006913,76600,-4.0
1763160624.605835,76700,-3.0
1763160626.279766,76800,-6.0
1763160627.964737,76900,-3.0
1763160629.6199784,77000,-4.0
1763160631.3535783,77100,-2.0
1763160633.0644243,77200,0.0
1763160634.8045552,77300,-2.0
1763160636.547702,77400,-3.0
1763160638.263193,77500,-3.0
1763160639.952852,77600,-4.0
1763160641.6188538,77700,-3.0
1763160643.2657235,77800,-2.0
1763160644.8982706,77900,-3.0
1763160646.546683,78000,-5.0
1763160648.1928368,78100,-5.0
1763160649.8499472,78200,0.0
1763160651.525177,78300,-1.0
1763160653.1868064,78400,-2.0
1763160654.8581583,78500,-4.0
1763160656.4978938,78600,-3.0
1763160658.181881,78700,-2.0
1763160659.8246028,78800,-2.0
1763160661.497628,78900,-3.0
1763160663.1365616,79000,-3.0
1763160664.7753966,79100,-6.0
1763160666.43145,79200,-3.0
1763160668.156211,79300,-2.0
1763160669.916509,79400,-4.0
1763160671.6436288,79500,-5.0
1763160673.316657,79600,-2.0
1763160674.9703374,79700,-4.0
1763160676.6576023,79800,-2.0
1763160678.3244135,79900,-2.0
1763160679.9884942,80000,-3.0
1763160681.7948837,80100,-4.0
1763160683.4470894,80200,-5.0
1763160685.1462443,80300,0.0
1763160686.8399992,80400,-3.0
1763160688.5566406,80500,-2.0
1763160690.2737746,80600,-6.0
1763160691.9383175,80700,-1.0
1763160693.6629758,80800,-5.0
1763160695.372042,80900,-2.0
1763160697.0786548,81000,-3.0
1763160698.7845266,81100,-9.0
1763160700.4903445,81200,-2.0
1763160702.1893978,81300,-4.0
1763160703.8911755,81400,-1.0
1763160705.5986803,81500,-5.0
1763160707.3416605,81600,-1.0
1763160709.0960371,81700,-3.0
1763160710.8449516,81800,-5.0
1763160712.5653806,81900,-5.0
1763160714.2770674,82000,-3.0
1763160716.0078642,82100,-5.0
1763160717.7340252,82200,-4.0
1763160719.4168568,82300,-2.0
1763160721.0770571,82400,-5.0
1763160722.7781522,82500,-3.0
1763160724.4891605,82600,-4.0
1763160726.1202059,82700,-3.0
1763160727.739041,82800,-5.0
1763160729.358175,82900,-3.0
1763160731.0032284,83000,-3.0
1763160732.636776,83100,-6.0
1763160734.2592993,83200,-4.0
1763160735.9819224,83300,-4.0
1763160737.6268022,83400,-1.0
1763160739.2516823,83500,-8.0
1763160740.910862,83600,-3.0
1763160742.5784402,83700,-4.0
1763160744.3177872,83800,-1.0
1763160746.0471601,83900,-3.0
1763160747.77479,84000,-3.0
1763160749.47856,84100,-1.0
1763160751.1045012,84200,-1.0
1763160752.7295358,84300,-3.0
1763160754.4023664,84400,-3.0
1763160756.11717,84500,-3.0
1763160757.7545805,84600,-6.0
1763160759.3859634,84700,-4.0
1763160761.115836,84800,-4.0
1763160762.8326359,84900,-5.0
1763160764.5501218,85000,-5.0
1763160766.322192,85100,-3.0
1763160768.0271327,85200,-5.0
1763160769.75194,85300,-3.0
1763160771.5061927,85400,-2.0
1763160773.22845,85500,-3.0
1763160774.874006,85600,-4.0
1763160776.5576103,85700,-3.0
1763160778.2628872,85800,-2.0
1763160779.9316,85900,-1.0
1763160781.5729272,86000,-7.0
1763160783.2619264,86100,-4.0
1763160784.9700859,86200,-4.0
1763160786.643632,86300,-8.0
1763160788.3276656,86400,-4.0
1763160789.9672482,86500,-2.0
1763160791.602226,86600,-4.0
1763160793.2454398,86700,-3.0
1763160794.944813,86800,-7.0
1763160796.587699,86900,-3.0
1763160798.2363777,87000,-6.0
1763160799.8679864,87100,-4.0
1763160801.587679,87200,-4.0
1763160803.3060737,87300,-3.0
1763160805.0370862,87400,-3.0
1763160806.7647269,87500,-5.0
1763160808.4194562,87600,-4.0
1763160810.0921178,87700,-3.0
1763160811.8376694,87800,-1.0
1763160813.5445528,87900,-2.0
1763160815.2753534,88000,-4.0
1763160817.0126145,88100,-5.0
1763160818.7317705,88200,-7.0
1763160820.4587884,88300,-2.0
1763160822.1737278,88400,-3.0
1763160823.8316133,88500,-3.0
1763160825.5906928,88600,-6.0
1763160827.315604,88700,-4.0
1763160829.0433009,88800,-2.0
1763160830.8038292,88900,-3.0
1763160832.4552886,89000,-4.0
1763160834.1168888,89100,-4.0
1763160835.802064,89200,-4.0
1763160837.4853554,89300,-4.0
1763160839.160712,89400,-5.0
1763160840.838663,89500,-4.0
1763160842.5188794,89600,-5.0
1763160844.197276,89700,-3.0
1763160845.879103,89800,-4.0
1763160847.54814,89900,-2.0
1763160849.2218142,90000,-5.0
1763160851.0336154,90100,-5.0
1763160852.684299,90200,-6.0
1763160854.3423295,90300,-2.0
1763160855.9743521,90400,-3.0
1763160857.6239865,90500,-5.0
1763160859.2682252,90600,-7.0
1763160860.9343088,90700,-4.0
1763160862.6136389,90800,-5.0
1763160864.2756343,90900,-3.0
1763160865.932477,91000,-4.0
1763160867.588326,91100,-6.0
1763160869.302871,91200,-6.0
1763160871.0422714,91300,-2.0
1763160872.7631576,91400,-3.0
1763160874.5076554,91500,-4.0
1763160876.2265255,91600,-3.0
1763160877.9636505,91700,-5.0
1763160879.694708,91800,-3.0
1763160881.421356,91900,-3.0
1763160883.1110075,92000,-2.0
1763160884.781903,92100,-2.0
1763160886.4590397,92200,-4.0
1763160888.1429212,92300,-2.0
1763160889.7952662,92400,-3.0
1763160891.4556577,92500,-4.0
1763160893.1221519,92600,-2.0
1763160894.8176513,92700,-4.0
1763160896.5043888,92800,-7.0
1763160898.176316,92900,-4.0
1763160899.8816595,93000,-7.0
1763160901.553597,93100,-4.0
1763160903.2519424,93200,-4.0
1763160904.9349406,93300,-2.0
1763160906.5773628,93400,-2.0
1763160908.2294242,93500,-4.0
1763160909.973482,93600,-5.0
1763160911.636852,93700,-3.0
1763160913.3187768,93800,-4.0
1763160914.9880068,93900,-6.0
1763160916.7053978,94000,-5.0
1763160918.4000263,94100,-4.0
1763160920.0982752,94200,-7.0
1763160921.7624097,94300,-2.0
1763160923.413595,94400,-3.0
1763160925.1215808,94500,-3.0
1763160926.7907827,94600,-4.0
1763160928.483735,94700,-4.0
1763160930.2550254,94800,-3.0
1763160931.931021,94900,-2.0
1763160933.588528,95000,-3.0
1763160935.2725978,95100,-3.0
1763160936.9189088,95200,-3.0
1763160938.5822623,95300,-3.0
1763160940.2281854,95400,-6.0
1763160941.8839116,95500,-2.0
1763160943.5366445,95600,-1.0
1763160945.1916506,95700,-7.0
1763160946.8445213,95800,-7.0
1763160948.4801707,95900,0.0
1763160950.1354222,96000,-3.0
1763160951.7922058,96100,-1.0
1763160953.4519198,96200,-2.0
1763160955.0959306,96300,-4.0
1763160956.7645013,96400,-5.0
1763160958.4269254,96500,-1.0
1763160960.123017,96600,-4.0
1763160961.7877815,96700,-5.0
1763160963.4409993,96800,-6.0
1763160965.1384296,96900,-4.0
1763160966.8075707,97000,-7.0
1763160968.4756224,97100,-1.0
1763160970.1743758,97200,-4.0
1763160971.8334491,97300,-3.0
1763160973.5078096,97400,-4.0
1763160975.207857,97500,-4.0
1763160976.866408,97600,-2.0
1763160978.5286903,97700,-3.0
1763160980.2181149,97800,-7.0
1763160981.8892615,97900,-4.0
1763160983.573639,98000,-2.0
1763160985.3072367,98100,-5.0
1763160987.0076942,98200,-6.0
1763160988.6875744,98300,-4.0
1763160990.4334264,98400,-5.0
1763160992.1696784,98500,-4.0
1763160993.9378672,98600,-2.0
1763160995.6934423,98700,-2.0
1763160997.4543319,98800,-7.0
1763160999.1780171,98900,-6.0
1763161000.9331493,99000,-3.0
1763161002.6425054,99100,-2.0
1763161004.338615,99200,-3.0
1763161006.0552442,99300,-5.0
1763161007.7422204,99400,-5.0
1763161009.4362178,99500,-4.0
1763161011.1577163,99600,-4.0
1763161012.8444376,99700,-3.0
1763161014.5719526,99800,-3.0
1763161016.284083,99900,-1.0
1763161017.9727647,100000,-7.0
